id,anio,fuente,tipo_indicador,valor,unidad
1,2024,INE - Policía Nacional Civil,Detenidos por homicidio,91.0,Detenidos (Ambos sexos) — Guatemala
2,2024,INE - Policía Nacional Civil,Detenidos por homicidio,86.0,Detenidos (Hombres) — Guatemala
3,2024,INE - Policía Nacional Civil,Detenidos por homicidio,5.0,Detenidos (Mujeres) — Guatemala
4,2024,INE - Policía Nacional Civil,Detenidos por homicidio,3.0,Detenidos (Ambos sexos) — El Progreso
5,2024,INE - Policía Nacional Civil,Detenidos por homicidio,3.0,Detenidos (Hombres) — El Progreso
6,2024,INE - Policía Nacional Civil,Detenidos por homicidio,0.0,Detenidos (Mujeres) — El Progreso
7,2024,INE - Policía Nacional Civil,Detenidos por homicidio,4.0,Detenidos (Ambos sexos) — Sacatepéquez
8,2024,INE - Policía Nacional Civil,Detenidos por homicidio,4.0,Detenidos (Hombres) — Sacatepéquez
9,2024,INE - Policía Nacional Civil,Detenidos por homicidio,0.0,Detenidos (Mujeres) — Sacatepéquez
10,2024,INE - Policía Nacional Civil,Detenidos por homicidio,6.0,Detenidos (Ambos sexos) — Chimaltenango
11,2024,INE - Policía Nacional Civil,Detenidos por homicidio,6.0,Detenidos (Hombres) — Chimaltenango
12,2024,INE - Policía Nacional Civil,Detenidos por homicidio,0.0,Detenidos (Mujeres) — Chimaltenango
13,2024,INE - Policía Nacional Civil,Detenidos por homicidio,9.0,Detenidos (Ambos sexos) — Escuintla
14,2024,INE - Policía Nacional Civil,Detenidos por homicidio,9.0,Detenidos (Hombres) — Escuintla
15,2024,INE - Policía Nacional Civil,Detenidos por homicidio,0.0,Detenidos (Mujeres) — Escuintla
16,2024,INE - Policía Nacional Civil,Detenidos por homicidio,7.0,Detenidos (Ambos sexos) — Santa Rosa
17,2024,INE - Policía Nacional Civil,Detenidos por homicidio,7.0,Detenidos (Hombres) — Santa Rosa
18,2024,INE - Policía Nacional Civil,Detenidos por homicidio,0.0,Detenidos (Mujeres) — Santa Rosa
19,2024,INE - Policía Nacional Civil,Detenidos por homicidio,1.0,Detenidos (Ambos sexos) — Sololá
20,2024,INE - Policía Nacional Civil,Detenidos por homicidio,1.0,Detenidos (Hombres) — Sololá
21,2024,INE - Policía Nacional Civil,Detenidos por homicidio,0.0,Detenidos (Mujeres) — Sololá
22,2024,INE - Policía Nacional Civil,Detenidos por homicidio,4.0,Detenidos (Ambos sexos) — Quetzaltenango
23,2024,INE - Policía Nacional Civil,Detenidos por homicidio,4.0,Detenidos (Hombres) — Quetzaltenango
24,2024,INE - Policía Nacional Civil,Detenidos por homicidio,0.0,Detenidos (Mujeres) — Quetzaltenango
25,2024,INE - Policía Nacional Civil,Detenidos por homicidio,5.0,Detenidos (Ambos sexos) — Suchitepéquez
26,2024,INE - Policía Nacional Civil,Detenidos por homicidio,5.0,Detenidos (Hombres) — Suchitepéquez
27,2024,INE - Policía Nacional Civil,Detenidos por homicidio,0.0,Detenidos (Mujeres) — Suchitepéquez
28,2024,INE - Policía Nacional Civil,Detenidos por homicidio,3.0,Detenidos (Ambos sexos) — Retalhuleu
29,2024,INE - Policía Nacional Civil,Detenidos por homicidio,3.0,Detenidos (Hombres) — Retalhuleu
30,2024,INE - Policía Nacional Civil,Detenidos por homicidio,0.0,Detenidos (Mujeres) — Retalhuleu
31,2024,INE - Policía Nacional Civil,Detenidos por homicidio,4.0,Detenidos (Ambos sexos) — San Marcos
32,2024,INE - Policía Nacional Civil,Detenidos por homicidio,4.0,Detenidos (Hombres) — San Marcos
33,2024,INE - Policía Nacional Civil,Detenidos por homicidio,0.0,Detenidos (Mujeres) — San Marcos
34,2024,INE - Policía Nacional Civil,Detenidos por homicidio,7.0,Detenidos (Ambos sexos) — Huehuetenango
35,2024,INE - Policía Nacional Civil,Detenidos por homicidio,7.0,Detenidos (Hombres) — Huehuetenango
36,2024,INE - Policía Nacional Civil,Detenidos por homicidio,0.0,Detenidos (Mujeres) — Huehuetenango
37,2024,INE - Policía Nacional Civil,Detenidos por homicidio,8.0,Detenidos (Ambos sexos) — Quiché
38,2024,INE - Policía Nacional Civil,Detenidos por homicidio,7.0,Detenidos (Hombres) — Quiché
39,2024,INE - Policía Nacional Civil,Detenidos por homicidio,1.0,Detenidos (Mujeres) — Quiché
40,2024,INE - Policía Nacional Civil,Detenidos por homicidio,3.0,Detenidos (Ambos sexos) — Baja Verapaz
41,2024,INE - Policía Nacional Civil,Detenidos por homicidio,3.0,Detenidos (Hombres) — Baja Verapaz
42,2024,INE - Policía Nacional Civil,Detenidos por homicidio,0.0,Detenidos (Mujeres) — Baja Verapaz
43,2024,INE - Policía Nacional Civil,Detenidos por homicidio,8.0,Detenidos (Ambos sexos) — Alta Verapaz
44,2024,INE - Policía Nacional Civil,Detenidos por homicidio,7.0,Detenidos (Hombres) — Alta Verapaz
45,2024,INE - Policía Nacional Civil,Detenidos por homicidio,1.0,Detenidos (Mujeres) — Alta Verapaz
46,2024,INE - Policía Nacional Civil,Detenidos por homicidio,4.0,Detenidos (Ambos sexos) — Petén
47,2024,INE - Policía Nacional Civil,Detenidos por homicidio,4.0,Detenidos (Hombres) — Petén
48,2024,INE - Policía Nacional Civil,Detenidos por homicidio,0.0,Detenidos (Mujeres) — Petén
49,2024,INE - Policía Nacional Civil,Detenidos por homicidio,2.0,Detenidos (Ambos sexos) — Izabal
50,2024,INE - Policía Nacional Civil,Detenidos por homicidio,2.0,Detenidos (Hombres) — Izabal
51,2024,INE - Policía Nacional Civil,Detenidos por homicidio,0.0,Detenidos (Mujeres) — Izabal
52,2024,INE - Policía Nacional Civil,Detenidos por homicidio,2.0,Detenidos (Ambos sexos) — Zacapa
53,2024,INE - Policía Nacional Civil,Detenidos por homicidio,2.0,Detenidos (Hombres) — Zacapa
54,2024,INE - Policía Nacional Civil,Detenidos por homicidio,0.0,Detenidos (Mujeres) — Zacapa
55,2024,INE - Policía Nacional Civil,Detenidos por homicidio,8.0,Detenidos (Ambos sexos) — Chiquimula
56,2024,INE - Policía Nacional Civil,Detenidos por homicidio,7.0,Detenidos (Hombres) — Chiquimula
57,2024,INE - Policía Nacional Civil,Detenidos por homicidio,1.0,Detenidos (Mujeres) — Chiquimula
58,2024,INE - Policía Nacional Civil,Detenidos por homicidio,6.0,Detenidos (Ambos sexos) — Jalapa
59,2024,INE - Policía Nacional Civil,Detenidos por homicidio,4.0,Detenidos (Hombres) — Jalapa
60,2024,INE - Policía Nacional Civil,Detenidos por homicidio,2.0,Detenidos (Mujeres) — Jalapa
61,2024,INE - Policía Nacional Civil,Detenidos por homicidio,6.0,Detenidos (Ambos sexos) — Jutiapa
62,2024,INE - Policía Nacional Civil,Detenidos por homicidio,6.0,Detenidos (Hombres) — Jutiapa
63,2024,INE - Policía Nacional Civil,Detenidos por homicidio,0.0,Detenidos (Mujeres) — Jutiapa
64,2024,INE - Policía Nacional Civil,Detenidos por lesiones,90.0,Detenidos (Ambos sexos) — Guatemala
65,2024,INE - Policía Nacional Civil,Detenidos por lesiones,87.0,Detenidos (Hombres) — Guatemala
66,2024,INE - Policía Nacional Civil,Detenidos por lesiones,3.0,Detenidos (Mujeres) — Guatemala
67,2024,INE - Policía Nacional Civil,Detenidos por lesiones,7.0,Detenidos (Ambos sexos) — Sacatepéquez
68,2024,INE - Policía Nacional Civil,Detenidos por lesiones,7.0,Detenidos (Hombres) — Sacatepéquez
69,2024,INE - Policía Nacional Civil,Detenidos por lesiones,0.0,Detenidos (Mujeres) — Sacatepéquez
70,2024,INE - Policía Nacional Civil,Detenidos por lesiones,4.0,Detenidos (Ambos sexos) — Chimaltenango
71,2024,INE - Policía Nacional Civil,Detenidos por lesiones,4.0,Detenidos (Hombres) — Chimaltenango
72,2024,INE - Policía Nacional Civil,Detenidos por lesiones,0.0,Detenidos (Mujeres) — Chimaltenango
73,2024,INE - Policía Nacional Civil,Detenidos por lesiones,32.0,Detenidos (Ambos sexos) — Escuintla
74,2024,INE - Policía Nacional Civil,Detenidos por lesiones,32.0,Detenidos (Hombres) — Escuintla
75,2024,INE - Policía Nacional Civil,Detenidos por lesiones,0.0,Detenidos (Mujeres) — Escuintla
76,2024,INE - Policía Nacional Civil,Detenidos por lesiones,12.0,Detenidos (Ambos sexos) — Santa Rosa
77,2024,INE - Policía Nacional Civil,Detenidos por lesiones,11.0,Detenidos (Hombres) — Santa Rosa
78,2024,INE - Policía Nacional Civil,Detenidos por lesiones,1.0,Detenidos (Mujeres) — Santa Rosa
79,2024,INE - Policía Nacional Civil,Detenidos por lesiones,1.0,Detenidos (Ambos sexos) — Sololá
80,2024,INE - Policía Nacional Civil,Detenidos por lesiones,1.0,Detenidos (Hombres) — Sololá
81,2024,INE - Policía Nacional Civil,Detenidos por lesiones,0.0,Detenidos (Mujeres) — Sololá
82,2024,INE - Policía Nacional Civil,Detenidos por lesiones,10.0,Detenidos (Ambos sexos) — Quetzaltenango
83,2024,INE - Policía Nacional Civil,Detenidos por lesiones,10.0,Detenidos (Hombres) — Quetzaltenango
84,2024,INE - Policía Nacional Civil,Detenidos por lesiones,0.0,Detenidos (Mujeres) — Quetzaltenango
85,2024,INE - Policía Nacional Civil,Detenidos por lesiones,12.0,Detenidos (Ambos sexos) — Suchitepéquez
86,2024,INE - Policía Nacional Civil,Detenidos por lesiones,12.0,Detenidos (Hombres) — Suchitepéquez
87,2024,INE - Policía Nacional Civil,Detenidos por lesiones,0.0,Detenidos (Mujeres) — Suchitepéquez
88,2024,INE - Policía Nacional Civil,Detenidos por lesiones,3.0,Detenidos (Ambos sexos) — Retalhuleu
89,2024,INE - Policía Nacional Civil,Detenidos por lesiones,2.0,Detenidos (Hombres) — Retalhuleu
90,2024,INE - Policía Nacional Civil,Detenidos por lesiones,1.0,Detenidos (Mujeres) — Retalhuleu
91,2024,INE - Policía Nacional Civil,Detenidos por lesiones,8.0,Detenidos (Ambos sexos) — San Marcos
92,2024,INE - Policía Nacional Civil,Detenidos por lesiones,8.0,Detenidos (Hombres) — San Marcos
93,2024,INE - Policía Nacional Civil,Detenidos por lesiones,0.0,Detenidos (Mujeres) — San Marcos
94,2024,INE - Policía Nacional Civil,Detenidos por lesiones,11.0,Detenidos (Ambos sexos) — Huehuetenango
95,2024,INE - Policía Nacional Civil,Detenidos por lesiones,11.0,Detenidos (Hombres) — Huehuetenango
96,2024,INE - Policía Nacional Civil,Detenidos por lesiones,0.0,Detenidos (Mujeres) — Huehuetenango
97,2024,INE - Policía Nacional Civil,Detenidos por lesiones,11.0,Detenidos (Ambos sexos) — Quiché
98,2024,INE - Policía Nacional Civil,Detenidos por lesiones,11.0,Detenidos (Hombres) — Quiché
99,2024,INE - Policía Nacional Civil,Detenidos por lesiones,0.0,Detenidos (Mujeres) — Quiché
100,2024,INE - Policía Nacional Civil,Detenidos por lesiones,1.0,Detenidos (Ambos sexos) — Baja Verapaz
101,2024,INE - Policía Nacional Civil,Detenidos por lesiones,1.0,Detenidos (Hombres) — Baja Verapaz
102,2024,INE - Policía Nacional Civil,Detenidos por lesiones,0.0,Detenidos (Mujeres) — Baja Verapaz
103,2024,INE - Policía Nacional Civil,Detenidos por lesiones,25.0,Detenidos (Ambos sexos) — Alta Verapaz
104,2024,INE - Policía Nacional Civil,Detenidos por lesiones,24.0,Detenidos (Hombres) — Alta Verapaz
105,2024,INE - Policía Nacional Civil,Detenidos por lesiones,1.0,Detenidos (Mujeres) — Alta Verapaz
106,2024,INE - Policía Nacional Civil,Detenidos por lesiones,14.0,Detenidos (Ambos sexos) — Petén
107,2024,INE - Policía Nacional Civil,Detenidos por lesiones,12.0,Detenidos (Hombres) — Petén
108,2024,INE - Policía Nacional Civil,Detenidos por lesiones,2.0,Detenidos (Mujeres) — Petén
109,2024,INE - Policía Nacional Civil,Detenidos por lesiones,12.0,Detenidos (Ambos sexos) — Izabal
110,2024,INE - Policía Nacional Civil,Detenidos por lesiones,12.0,Detenidos (Hombres) — Izabal
111,2024,INE - Policía Nacional Civil,Detenidos por lesiones,0.0,Detenidos (Mujeres) — Izabal
112,2024,INE - Policía Nacional Civil,Detenidos por lesiones,4.0,Detenidos (Ambos sexos) — Zacapa
113,2024,INE - Policía Nacional Civil,Detenidos por lesiones,4.0,Detenidos (Hombres) — Zacapa
114,2024,INE - Policía Nacional Civil,Detenidos por lesiones,0.0,Detenidos (Mujeres) — Zacapa
115,2024,INE - Policía Nacional Civil,Detenidos por lesiones,7.0,Detenidos (Ambos sexos) — Chiquimula
116,2024,INE - Policía Nacional Civil,Detenidos por lesiones,7.0,Detenidos (Hombres) — Chiquimula
117,2024,INE - Policía Nacional Civil,Detenidos por lesiones,0.0,Detenidos (Mujeres) — Chiquimula
118,2024,INE - Policía Nacional Civil,Detenidos por lesiones,11.0,Detenidos (Ambos sexos) — Jalapa
119,2024,INE - Policía Nacional Civil,Detenidos por lesiones,10.0,Detenidos (Hombres) — Jalapa
120,2024,INE - Policía Nacional Civil,Detenidos por lesiones,1.0,Detenidos (Mujeres) — Jalapa
121,2024,INE - Policía Nacional Civil,Detenidos por lesiones,5.0,Detenidos (Ambos sexos) — Jutiapa
122,2024,INE - Policía Nacional Civil,Detenidos por lesiones,5.0,Detenidos (Hombres) — Jutiapa
123,2024,INE - Policía Nacional Civil,Detenidos por lesiones,0.0,Detenidos (Mujeres) — Jutiapa
124,2024,INE - Policía Nacional Civil,Detenidos por robos,571.0,Detenidos (Ambos sexos) — Guatemala
125,2024,INE - Policía Nacional Civil,Detenidos por robos,519.0,Detenidos (Hombres) — Guatemala
126,2024,INE - Policía Nacional Civil,Detenidos por robos,52.0,Detenidos (Mujeres) — Guatemala
127,2024,INE - Policía Nacional Civil,Detenidos por robos,19.0,Detenidos (Ambos sexos) — El Progreso
128,2024,INE - Policía Nacional Civil,Detenidos por robos,17.0,Detenidos (Hombres) — El Progreso
129,2024,INE - Policía Nacional Civil,Detenidos por robos,2.0,Detenidos (Mujeres) — El Progreso
130,2024,INE - Policía Nacional Civil,Detenidos por robos,41.0,Detenidos (Ambos sexos) — Sacatepéquez
131,2024,INE - Policía Nacional Civil,Detenidos por robos,39.0,Detenidos (Hombres) — Sacatepéquez
132,2024,INE - Policía Nacional Civil,Detenidos por robos,2.0,Detenidos (Mujeres) — Sacatepéquez
133,2024,INE - Policía Nacional Civil,Detenidos por robos,43.0,Detenidos (Ambos sexos) — Chimaltenango
134,2024,INE - Policía Nacional Civil,Detenidos por robos,40.0,Detenidos (Hombres) — Chimaltenango
135,2024,INE - Policía Nacional Civil,Detenidos por robos,3.0,Detenidos (Mujeres) — Chimaltenango
136,2024,INE - Policía Nacional Civil,Detenidos por robos,228.0,Detenidos (Ambos sexos) — Escuintla
137,2024,INE - Policía Nacional Civil,Detenidos por robos,222.0,Detenidos (Hombres) — Escuintla
138,2024,INE - Policía Nacional Civil,Detenidos por robos,6.0,Detenidos (Mujeres) — Escuintla
139,2024,INE - Policía Nacional Civil,Detenidos por robos,32.0,Detenidos (Ambos sexos) — Santa Rosa
140,2024,INE - Policía Nacional Civil,Detenidos por robos,28.0,Detenidos (Hombres) — Santa Rosa
141,2024,INE - Policía Nacional Civil,Detenidos por robos,4.0,Detenidos (Mujeres) — Santa Rosa
142,2024,INE - Policía Nacional Civil,Detenidos por robos,23.0,Detenidos (Ambos sexos) — Sololá
143,2024,INE - Policía Nacional Civil,Detenidos por robos,20.0,Detenidos (Hombres) — Sololá
144,2024,INE - Policía Nacional Civil,Detenidos por robos,3.0,Detenidos (Mujeres) — Sololá
145,2024,INE - Policía Nacional Civil,Detenidos por robos,7.0,Detenidos (Ambos sexos) — Totonicapán
146,2024,INE - Policía Nacional Civil,Detenidos por robos,6.0,Detenidos (Hombres) — Totonicapán
147,2024,INE - Policía Nacional Civil,Detenidos por robos,1.0,Detenidos (Mujeres) — Totonicapán
148,2024,INE - Policía Nacional Civil,Detenidos por robos,96.0,Detenidos (Ambos sexos) — Quetzaltenango
149,2024,INE - Policía Nacional Civil,Detenidos por robos,84.0,Detenidos (Hombres) — Quetzaltenango
150,2024,INE - Policía Nacional Civil,Detenidos por robos,12.0,Detenidos (Mujeres) — Quetzaltenango
151,2024,INE - Policía Nacional Civil,Detenidos por robos,64.0,Detenidos (Ambos sexos) — Suchitepéquez
152,2024,INE - Policía Nacional Civil,Detenidos por robos,59.0,Detenidos (Hombres) — Suchitepéquez
153,2024,INE - Policía Nacional Civil,Detenidos por robos,5.0,Detenidos (Mujeres) — Suchitepéquez
154,2024,INE - Policía Nacional Civil,Detenidos por robos,70.0,Detenidos (Ambos sexos) — Retalhuleu
155,2024,INE - Policía Nacional Civil,Detenidos por robos,64.0,Detenidos (Hombres) — Retalhuleu
156,2024,INE - Policía Nacional Civil,Detenidos por robos,6.0,Detenidos (Mujeres) — Retalhuleu
157,2024,INE - Policía Nacional Civil,Detenidos por robos,99.0,Detenidos (Ambos sexos) — San Marcos
158,2024,INE - Policía Nacional Civil,Detenidos por robos,89.0,Detenidos (Hombres) — San Marcos
159,2024,INE - Policía Nacional Civil,Detenidos por robos,10.0,Detenidos (Mujeres) — San Marcos
160,2024,INE - Policía Nacional Civil,Detenidos por robos,42.0,Detenidos (Ambos sexos) — Huehuetenango
161,2024,INE - Policía Nacional Civil,Detenidos por robos,38.0,Detenidos (Hombres) — Huehuetenango
162,2024,INE - Policía Nacional Civil,Detenidos por robos,4.0,Detenidos (Mujeres) — Huehuetenango
163,2024,INE - Policía Nacional Civil,Detenidos por robos,61.0,Detenidos (Ambos sexos) — Quiché
164,2024,INE - Policía Nacional Civil,Detenidos por robos,59.0,Detenidos (Hombres) — Quiché
165,2024,INE - Policía Nacional Civil,Detenidos por robos,2.0,Detenidos (Mujeres) — Quiché
166,2024,INE - Policía Nacional Civil,Detenidos por robos,29.0,Detenidos (Ambos sexos) — Baja Verapaz
167,2024,INE - Policía Nacional Civil,Detenidos por robos,20.0,Detenidos (Hombres) — Baja Verapaz
168,2024,INE - Policía Nacional Civil,Detenidos por robos,9.0,Detenidos (Mujeres) — Baja Verapaz
169,2024,INE - Policía Nacional Civil,Detenidos por robos,69.0,Detenidos (Ambos sexos) — Alta Verapaz
170,2024,INE - Policía Nacional Civil,Detenidos por robos,60.0,Detenidos (Hombres) — Alta Verapaz
171,2024,INE - Policía Nacional Civil,Detenidos por robos,9.0,Detenidos (Mujeres) — Alta Verapaz
172,2024,INE - Policía Nacional Civil,Detenidos por robos,45.0,Detenidos (Ambos sexos) — Petén
173,2024,INE - Policía Nacional Civil,Detenidos por robos,44.0,Detenidos (Hombres) — Petén
174,2024,INE - Policía Nacional Civil,Detenidos por robos,1.0,Detenidos (Mujeres) — Petén
175,2024,INE - Policía Nacional Civil,Detenidos por robos,31.0,Detenidos (Ambos sexos) — Izabal
176,2024,INE - Policía Nacional Civil,Detenidos por robos,30.0,Detenidos (Hombres) — Izabal
177,2024,INE - Policía Nacional Civil,Detenidos por robos,1.0,Detenidos (Mujeres) — Izabal
178,2024,INE - Policía Nacional Civil,Detenidos por robos,7.0,Detenidos (Ambos sexos) — Zacapa
179,2024,INE - Policía Nacional Civil,Detenidos por robos,7.0,Detenidos (Hombres) — Zacapa
180,2024,INE - Policía Nacional Civil,Detenidos por robos,0.0,Detenidos (Mujeres) — Zacapa
181,2024,INE - Policía Nacional Civil,Detenidos por robos,10.0,Detenidos (Ambos sexos) — Chiquimula
182,2024,INE - Policía Nacional Civil,Detenidos por robos,10.0,Detenidos (Hombres) — Chiquimula
183,2024,INE - Policía Nacional Civil,Detenidos por robos,0.0,Detenidos (Mujeres) — Chiquimula
184,2024,INE - Policía Nacional Civil,Detenidos por robos,18.0,Detenidos (Ambos sexos) — Jalapa
185,2024,INE - Policía Nacional Civil,Detenidos por robos,17.0,Detenidos (Hombres) — Jalapa
186,2024,INE - Policía Nacional Civil,Detenidos por robos,1.0,Detenidos (Mujeres) — Jalapa
187,2024,INE - Policía Nacional Civil,Detenidos por robos,38.0,Detenidos (Ambos sexos) — Jutiapa
188,2024,INE - Policía Nacional Civil,Detenidos por robos,33.0,Detenidos (Hombres) — Jutiapa
189,2024,INE - Policía Nacional Civil,Detenidos por robos,5.0,Detenidos (Mujeres) — Jutiapa
190,2024,INE - Policía Nacional Civil,Detenidos por otros robos y hurtos,58.0,Detenidos (Ambos sexos) — Guatemala
191,2024,INE - Policía Nacional Civil,Detenidos por otros robos y hurtos,56.0,Detenidos (Hombres) — Guatemala
192,2024,INE - Policía Nacional Civil,Detenidos por otros robos y hurtos,2.0,Detenidos (Mujeres) — Guatemala
193,2024,INE - Policía Nacional Civil,Detenidos por otros robos y hurtos,2.0,Detenidos (Ambos sexos) — El Progreso
194,2024,INE - Policía Nacional Civil,Detenidos por otros robos y hurtos,2.0,Detenidos (Hombres) — El Progreso
195,2024,INE - Policía Nacional Civil,Detenidos por otros robos y hurtos,0.0,Detenidos (Mujeres) — El Progreso
196,2024,INE - Policía Nacional Civil,Detenidos por otros robos y hurtos,10.0,Detenidos (Ambos sexos) — Sacatepéquez
197,2024,INE - Policía Nacional Civil,Detenidos por otros robos y hurtos,10.0,Detenidos (Hombres) — Sacatepéquez
198,2024,INE - Policía Nacional Civil,Detenidos por otros robos y hurtos,0.0,Detenidos (Mujeres) — Sacatepéquez
199,2024,INE - Policía Nacional Civil,Detenidos por otros robos y hurtos,6.0,Detenidos (Ambos sexos) — Chimaltenango
200,2024,INE - Policía Nacional Civil,Detenidos por otros robos y hurtos,6.0,Detenidos (Hombres) — Chimaltenango
201,2024,INE - Policía Nacional Civil,Detenidos por otros robos y hurtos,0.0,Detenidos (Mujeres) — Chimaltenango
202,2024,INE - Policía Nacional Civil,Detenidos por otros robos y hurtos,26.0,Detenidos (Ambos sexos) — Escuintla
203,2024,INE - Policía Nacional Civil,Detenidos por otros robos y hurtos,26.0,Detenidos (Hombres) — Escuintla
204,2024,INE - Policía Nacional Civil,Detenidos por otros robos y hurtos,0.0,Detenidos (Mujeres) — Escuintla
205,2024,INE - Policía Nacional Civil,Detenidos por otros robos y hurtos,6.0,Detenidos (Ambos sexos) — Santa Rosa
206,2024,INE - Policía Nacional Civil,Detenidos por otros robos y hurtos,6.0,Detenidos (Hombres) — Santa Rosa
207,2024,INE - Policía Nacional Civil,Detenidos por otros robos y hurtos,0.0,Detenidos (Mujeres) — Santa Rosa
208,2024,INE - Policía Nacional Civil,Detenidos por otros robos y hurtos,2.0,Detenidos (Ambos sexos) — Sololá
209,2024,INE - Policía Nacional Civil,Detenidos por otros robos y hurtos,2.0,Detenidos (Hombres) — Sololá
210,2024,INE - Policía Nacional Civil,Detenidos por otros robos y hurtos,0.0,Detenidos (Mujeres) — Sololá
211,2024,INE - Policía Nacional Civil,Detenidos por otros robos y hurtos,7.0,Detenidos (Ambos sexos) — Quetzaltenango
212,2024,INE - Policía Nacional Civil,Detenidos por otros robos y hurtos,7.0,Detenidos (Hombres) — Quetzaltenango
213,2024,INE - Policía Nacional Civil,Detenidos por otros robos y hurtos,0.0,Detenidos (Mujeres) — Quetzaltenango
214,2024,INE - Policía Nacional Civil,Detenidos por otros robos y hurtos,14.0,Detenidos (Ambos sexos) — Suchitepéquez
215,2024,INE - Policía Nacional Civil,Detenidos por otros robos y hurtos,14.0,Detenidos (Hombres) — Suchitepéquez
216,2024,INE - Policía Nacional Civil,Detenidos por otros robos y hurtos,0.0,Detenidos (Mujeres) — Suchitepéquez
217,2024,INE - Policía Nacional Civil,Detenidos por otros robos y hurtos,10.0,Detenidos (Ambos sexos) — Retalhuleu
218,2024,INE - Policía Nacional Civil,Detenidos por otros robos y hurtos,9.0,Detenidos (Hombres) — Retalhuleu
219,2024,INE - Policía Nacional Civil,Detenidos por otros robos y hurtos,1.0,Detenidos (Mujeres) — Retalhuleu
220,2024,INE - Policía Nacional Civil,Detenidos por otros robos y hurtos,24.0,Detenidos (Ambos sexos) — San Marcos
221,2024,INE - Policía Nacional Civil,Detenidos por otros robos y hurtos,24.0,Detenidos (Hombres) — San Marcos
222,2024,INE - Policía Nacional Civil,Detenidos por otros robos y hurtos,0.0,Detenidos (Mujeres) — San Marcos
223,2024,INE - Policía Nacional Civil,Detenidos por otros robos y hurtos,10.0,Detenidos (Ambos sexos) — Huehuetenango
224,2024,INE - Policía Nacional Civil,Detenidos por otros robos y hurtos,10.0,Detenidos (Hombres) — Huehuetenango
225,2024,INE - Policía Nacional Civil,Detenidos por otros robos y hurtos,0.0,Detenidos (Mujeres) — Huehuetenango
226,2024,INE - Policía Nacional Civil,Detenidos por otros robos y hurtos,7.0,Detenidos (Ambos sexos) — Quiché
227,2024,INE - Policía Nacional Civil,Detenidos por otros robos y hurtos,6.0,Detenidos (Hombres) — Quiché
228,2024,INE - Policía Nacional Civil,Detenidos por otros robos y hurtos,1.0,Detenidos (Mujeres) — Quiché
229,2024,INE - Policía Nacional Civil,Detenidos por otros robos y hurtos,4.0,Detenidos (Ambos sexos) — Alta Verapaz
230,2024,INE - Policía Nacional Civil,Detenidos por otros robos y hurtos,4.0,Detenidos (Hombres) — Alta Verapaz
231,2024,INE - Policía Nacional Civil,Detenidos por otros robos y hurtos,0.0,Detenidos (Mujeres) — Alta Verapaz
232,2024,INE - Policía Nacional Civil,Detenidos por otros robos y hurtos,6.0,Detenidos (Ambos sexos) — Petén
233,2024,INE - Policía Nacional Civil,Detenidos por otros robos y hurtos,6.0,Detenidos (Hombres) — Petén
234,2024,INE - Policía Nacional Civil,Detenidos por otros robos y hurtos,0.0,Detenidos (Mujeres) — Petén
235,2024,INE - Policía Nacional Civil,Detenidos por otros robos y hurtos,4.0,Detenidos (Ambos sexos) — Izabal
236,2024,INE - Policía Nacional Civil,Detenidos por otros robos y hurtos,4.0,Detenidos (Hombres) — Izabal
237,2024,INE - Policía Nacional Civil,Detenidos por otros robos y hurtos,0.0,Detenidos (Mujeres) — Izabal
238,2024,INE - Policía Nacional Civil,Detenidos por otros robos y hurtos,1.0,Detenidos (Ambos sexos) — Zacapa
239,2024,INE - Policía Nacional Civil,Detenidos por otros robos y hurtos,1.0,Detenidos (Hombres) — Zacapa
240,2024,INE - Policía Nacional Civil,Detenidos por otros robos y hurtos,0.0,Detenidos (Mujeres) — Zacapa
241,2024,INE - Policía Nacional Civil,Detenidos por otros robos y hurtos,8.0,Detenidos (Ambos sexos) — Jalapa
242,2024,INE - Policía Nacional Civil,Detenidos por otros robos y hurtos,8.0,Detenidos (Hombres) — Jalapa
243,2024,INE - Policía Nacional Civil,Detenidos por otros robos y hurtos,0.0,Detenidos (Mujeres) — Jalapa
244,2024,INE - Policía Nacional Civil,Detenidos por otros robos y hurtos,6.0,Detenidos (Ambos sexos) — Jutiapa
245,2024,INE - Policía Nacional Civil,Detenidos por otros robos y hurtos,5.0,Detenidos (Hombres) — Jutiapa
246,2024,INE - Policía Nacional Civil,Detenidos por otros robos y hurtos,1.0,Detenidos (Mujeres) — Jutiapa
247,2024,INE - Policía Nacional Civil,Detenidos por secuestros,6.0,Detenidos (Ambos sexos) — Guatemala
248,2024,INE - Policía Nacional Civil,Detenidos por secuestros,3.0,Detenidos (Hombres) — Guatemala
249,2024,INE - Policía Nacional Civil,Detenidos por secuestros,3.0,Detenidos (Mujeres) — Guatemala
250,2024,INE - Policía Nacional Civil,Detenidos por secuestros,2.0,Detenidos (Ambos sexos) — Zacapa
251,2024,INE - Policía Nacional Civil,Detenidos por secuestros,2.0,Detenidos (Hombres) — Zacapa
252,2024,INE - Policía Nacional Civil,Detenidos por secuestros,0.0,Detenidos (Mujeres) — Zacapa
253,2024,INE - Policía Nacional Civil,Detenidos por extorsiones,123.0,Detenidos (Ambos sexos) — Guatemala
254,2024,INE - Policía Nacional Civil,Detenidos por extorsiones,91.0,Detenidos (Hombres) — Guatemala
255,2024,INE - Policía Nacional Civil,Detenidos por extorsiones,32.0,Detenidos (Mujeres) — Guatemala
256,2024,INE - Policía Nacional Civil,Detenidos por extorsiones,2.0,Detenidos (Ambos sexos) — El Progreso
257,2024,INE - Policía Nacional Civil,Detenidos por extorsiones,2.0,Detenidos (Hombres) — El Progreso
258,2024,INE - Policía Nacional Civil,Detenidos por extorsiones,0.0,Detenidos (Mujeres) — El Progreso
259,2024,INE - Policía Nacional Civil,Detenidos por extorsiones,1.0,Detenidos (Ambos sexos) — Sacatepéquez
260,2024,INE - Policía Nacional Civil,Detenidos por extorsiones,1.0,Detenidos (Hombres) — Sacatepéquez
261,2024,INE - Policía Nacional Civil,Detenidos por extorsiones,0.0,Detenidos (Mujeres) — Sacatepéquez
262,2024,INE - Policía Nacional Civil,Detenidos por extorsiones,4.0,Detenidos (Ambos sexos) — Chimaltenango
263,2024,INE - Policía Nacional Civil,Detenidos por extorsiones,4.0,Detenidos (Hombres) — Chimaltenango
264,2024,INE - Policía Nacional Civil,Detenidos por extorsiones,0.0,Detenidos (Mujeres) — Chimaltenango
265,2024,INE - Policía Nacional Civil,Detenidos por extorsiones,6.0,Detenidos (Ambos sexos) — Escuintla
266,2024,INE - Policía Nacional Civil,Detenidos por extorsiones,5.0,Detenidos (Hombres) — Escuintla
267,2024,INE - Policía Nacional Civil,Detenidos por extorsiones,1.0,Detenidos (Mujeres) — Escuintla
268,2024,INE - Policía Nacional Civil,Detenidos por extorsiones,5.0,Detenidos (Ambos sexos) — Santa Rosa
269,2024,INE - Policía Nacional Civil,Detenidos por extorsiones,5.0,Detenidos (Hombres) — Santa Rosa
270,2024,INE - Policía Nacional Civil,Detenidos por extorsiones,0.0,Detenidos (Mujeres) — Santa Rosa
271,2024,INE - Policía Nacional Civil,Detenidos por extorsiones,1.0,Detenidos (Ambos sexos) — Sololá
272,2024,INE - Policía Nacional Civil,Detenidos por extorsiones,1.0,Detenidos (Hombres) — Sololá
273,2024,INE - Policía Nacional Civil,Detenidos por extorsiones,0.0,Detenidos (Mujeres) — Sololá
274,2024,INE - Policía Nacional Civil,Detenidos por extorsiones,9.0,Detenidos (Ambos sexos) — Quetzaltenango
275,2024,INE - Policía Nacional Civil,Detenidos por extorsiones,8.0,Detenidos (Hombres) — Quetzaltenango
276,2024,INE - Policía Nacional Civil,Detenidos por extorsiones,1.0,Detenidos (Mujeres) — Quetzaltenango
277,2024,INE - Policía Nacional Civil,Detenidos por extorsiones,3.0,Detenidos (Ambos sexos) — Retalhuleu
278,2024,INE - Policía Nacional Civil,Detenidos por extorsiones,3.0,Detenidos (Hombres) — Retalhuleu
279,2024,INE - Policía Nacional Civil,Detenidos por extorsiones,0.0,Detenidos (Mujeres) — Retalhuleu
280,2024,INE - Policía Nacional Civil,Detenidos por extorsiones,6.0,Detenidos (Ambos sexos) — San Marcos
281,2024,INE - Policía Nacional Civil,Detenidos por extorsiones,4.0,Detenidos (Hombres) — San Marcos
282,2024,INE - Policía Nacional Civil,Detenidos por extorsiones,2.0,Detenidos (Mujeres) — San Marcos
283,2024,INE - Policía Nacional Civil,Detenidos por extorsiones,1.0,Detenidos (Ambos sexos) — Huehuetenango
284,2024,INE - Policía Nacional Civil,Detenidos por extorsiones,1.0,Detenidos (Hombres) — Huehuetenango
285,2024,INE - Policía Nacional Civil,Detenidos por extorsiones,0.0,Detenidos (Mujeres) — Huehuetenango
286,2024,INE - Policía Nacional Civil,Detenidos por extorsiones,7.0,Detenidos (Ambos sexos) — Quiché
287,2024,INE - Policía Nacional Civil,Detenidos por extorsiones,3.0,Detenidos (Hombres) — Quiché
288,2024,INE - Policía Nacional Civil,Detenidos por extorsiones,4.0,Detenidos (Mujeres) — Quiché
289,2024,INE - Policía Nacional Civil,Detenidos por extorsiones,2.0,Detenidos (Ambos sexos) — Baja Verapaz
290,2024,INE - Policía Nacional Civil,Detenidos por extorsiones,2.0,Detenidos (Hombres) — Baja Verapaz
291,2024,INE - Policía Nacional Civil,Detenidos por extorsiones,0.0,Detenidos (Mujeres) — Baja Verapaz
292,2024,INE - Policía Nacional Civil,Detenidos por extorsiones,2.0,Detenidos (Ambos sexos) — Alta Verapaz
293,2024,INE - Policía Nacional Civil,Detenidos por extorsiones,1.0,Detenidos (Hombres) — Alta Verapaz
294,2024,INE - Policía Nacional Civil,Detenidos por extorsiones,1.0,Detenidos (Mujeres) — Alta Verapaz
295,2024,INE - Policía Nacional Civil,Detenidos por extorsiones,2.0,Detenidos (Ambos sexos) — Petén
296,2024,INE - Policía Nacional Civil,Detenidos por extorsiones,1.0,Detenidos (Hombres) — Petén
297,2024,INE - Policía Nacional Civil,Detenidos por extorsiones,1.0,Detenidos (Mujeres) — Petén
298,2024,INE - Policía Nacional Civil,Detenidos por extorsiones,3.0,Detenidos (Ambos sexos) — Izabal
299,2024,INE - Policía Nacional Civil,Detenidos por extorsiones,3.0,Detenidos (Hombres) — Izabal
300,2024,INE - Policía Nacional Civil,Detenidos por extorsiones,0.0,Detenidos (Mujeres) — Izabal
301,2024,INE - Policía Nacional Civil,Detenidos por extorsiones,1.0,Detenidos (Ambos sexos) — Jutiapa
302,2024,INE - Policía Nacional Civil,Detenidos por extorsiones,1.0,Detenidos (Hombres) — Jutiapa
303,2024,INE - Policía Nacional Civil,Detenidos por extorsiones,0.0,Detenidos (Mujeres) — Jutiapa
304,2024,INE - Policía Nacional Civil,Detenidos por otras causas,12049.0,Detenidos (Ambos sexos) — Guatemala
305,2024,INE - Policía Nacional Civil,Detenidos por otras causas,10477.0,Detenidos (Hombres) — Guatemala
306,2024,INE - Policía Nacional Civil,Detenidos por otras causas,1572.0,Detenidos (Mujeres) — Guatemala
307,2024,INE - Policía Nacional Civil,Detenidos por otras causas,824.0,Detenidos (Ambos sexos) — El Progreso
308,2024,INE - Policía Nacional Civil,Detenidos por otras causas,764.0,Detenidos (Hombres) — El Progreso
309,2024,INE - Policía Nacional Civil,Detenidos por otras causas,60.0,Detenidos (Mujeres) — El Progreso
310,2024,INE - Policía Nacional Civil,Detenidos por otras causas,1416.0,Detenidos (Ambos sexos) — Sacatepéquez
311,2024,INE - Policía Nacional Civil,Detenidos por otras causas,1247.0,Detenidos (Hombres) — Sacatepéquez
312,2024,INE - Policía Nacional Civil,Detenidos por otras causas,169.0,Detenidos (Mujeres) — Sacatepéquez
313,2024,INE - Policía Nacional Civil,Detenidos por otras causas,1247.0,Detenidos (Ambos sexos) — Chimaltenango
314,2024,INE - Policía Nacional Civil,Detenidos por otras causas,1155.0,Detenidos (Hombres) — Chimaltenango
315,2024,INE - Policía Nacional Civil,Detenidos por otras causas,92.0,Detenidos (Mujeres) — Chimaltenango
316,2024,INE - Policía Nacional Civil,Detenidos por otras causas,3021.0,Detenidos (Ambos sexos) — Escuintla
317,2024,INE - Policía Nacional Civil,Detenidos por otras causas,2771.0,Detenidos (Hombres) — Escuintla
318,2024,INE - Policía Nacional Civil,Detenidos por otras causas,250.0,Detenidos (Mujeres) — Escuintla
319,2024,INE - Policía Nacional Civil,Detenidos por otras causas,1190.0,Detenidos (Ambos sexos) — Santa Rosa
320,2024,INE - Policía Nacional Civil,Detenidos por otras causas,1080.0,Detenidos (Hombres) — Santa Rosa
321,2024,INE - Policía Nacional Civil,Detenidos por otras causas,110.0,Detenidos (Mujeres) — Santa Rosa
322,2024,INE - Policía Nacional Civil,Detenidos por otras causas,921.0,Detenidos (Ambos sexos) — Sololá
323,2024,INE - Policía Nacional Civil,Detenidos por otras causas,870.0,Detenidos (Hombres) — Sololá
324,2024,INE - Policía Nacional Civil,Detenidos por otras causas,51.0,Detenidos (Mujeres) — Sololá
325,2024,INE - Policía Nacional Civil,Detenidos por otras causas,348.0,Detenidos (Ambos sexos) — Totonicapán
326,2024,INE - Policía Nacional Civil,Detenidos por otras causas,326.0,Detenidos (Hombres) — Totonicapán
327,2024,INE - Policía Nacional Civil,Detenidos por otras causas,22.0,Detenidos (Mujeres) — Totonicapán
328,2024,INE - Policía Nacional Civil,Detenidos por otras causas,2397.0,Detenidos (Ambos sexos) — Quetzaltenango
329,2024,INE - Policía Nacional Civil,Detenidos por otras causas,2203.0,Detenidos (Hombres) — Quetzaltenango
330,2024,INE - Policía Nacional Civil,Detenidos por otras causas,194.0,Detenidos (Mujeres) — Quetzaltenango
331,2024,INE - Policía Nacional Civil,Detenidos por otras causas,1400.0,Detenidos (Ambos sexos) — Suchitepéquez
332,2024,INE - Policía Nacional Civil,Detenidos por otras causas,1320.0,Detenidos (Hombres) — Suchitepéquez
333,2024,INE - Policía Nacional Civil,Detenidos por otras causas,80.0,Detenidos (Mujeres) — Suchitepéquez
334,2024,INE - Policía Nacional Civil,Detenidos por otras causas,1222.0,Detenidos (Ambos sexos) — Retalhuleu
335,2024,INE - Policía Nacional Civil,Detenidos por otras causas,1134.0,Detenidos (Hombres) — Retalhuleu
336,2024,INE - Policía Nacional Civil,Detenidos por otras causas,88.0,Detenidos (Mujeres) — Retalhuleu
337,2024,INE - Policía Nacional Civil,Detenidos por otras causas,1837.0,Detenidos (Ambos sexos) — San Marcos
338,2024,INE - Policía Nacional Civil,Detenidos por otras causas,1681.0,Detenidos (Hombres) — San Marcos
339,2024,INE - Policía Nacional Civil,Detenidos por otras causas,156.0,Detenidos (Mujeres) — San Marcos
340,2024,INE - Policía Nacional Civil,Detenidos por otras causas,2120.0,Detenidos (Ambos sexos) — Huehuetenango
341,2024,INE - Policía Nacional Civil,Detenidos por otras causas,1969.0,Detenidos (Hombres) — Huehuetenango
342,2024,INE - Policía Nacional Civil,Detenidos por otras causas,151.0,Detenidos (Mujeres) — Huehuetenango
343,2024,INE - Policía Nacional Civil,Detenidos por otras causas,1217.0,Detenidos (Ambos sexos) — Quiché
344,2024,INE - Policía Nacional Civil,Detenidos por otras causas,1157.0,Detenidos (Hombres) — Quiché
345,2024,INE - Policía Nacional Civil,Detenidos por otras causas,60.0,Detenidos (Mujeres) — Quiché
346,2024,INE - Policía Nacional Civil,Detenidos por otras causas,850.0,Detenidos (Ambos sexos) — Baja Verapaz
347,2024,INE - Policía Nacional Civil,Detenidos por otras causas,777.0,Detenidos (Hombres) — Baja Verapaz
348,2024,INE - Policía Nacional Civil,Detenidos por otras causas,73.0,Detenidos (Mujeres) — Baja Verapaz
349,2024,INE - Policía Nacional Civil,Detenidos por otras causas,2293.0,Detenidos (Ambos sexos) — Alta Verapaz
350,2024,INE - Policía Nacional Civil,Detenidos por otras causas,2153.0,Detenidos (Hombres) — Alta Verapaz
351,2024,INE - Policía Nacional Civil,Detenidos por otras causas,140.0,Detenidos (Mujeres) — Alta Verapaz
352,2024,INE - Policía Nacional Civil,Detenidos por otras causas,1973.0,Detenidos (Ambos sexos) — Petén
353,2024,INE - Policía Nacional Civil,Detenidos por otras causas,1859.0,Detenidos (Hombres) — Petén
354,2024,INE - Policía Nacional Civil,Detenidos por otras causas,114.0,Detenidos (Mujeres) — Petén
355,2024,INE - Policía Nacional Civil,Detenidos por otras causas,1155.0,Detenidos (Ambos sexos) — Izabal
356,2024,INE - Policía Nacional Civil,Detenidos por otras causas,1015.0,Detenidos (Hombres) — Izabal
357,2024,INE - Policía Nacional Civil,Detenidos por otras causas,140.0,Detenidos (Mujeres) — Izabal
358,2024,INE - Policía Nacional Civil,Detenidos por otras causas,639.0,Detenidos (Ambos sexos) — Zacapa
359,2024,INE - Policía Nacional Civil,Detenidos por otras causas,566.0,Detenidos (Hombres) — Zacapa
360,2024,INE - Policía Nacional Civil,Detenidos por otras causas,73.0,Detenidos (Mujeres) — Zacapa
361,2024,INE - Policía Nacional Civil,Detenidos por otras causas,933.0,Detenidos (Ambos sexos) — Chiquimula
362,2024,INE - Policía Nacional Civil,Detenidos por otras causas,848.0,Detenidos (Hombres) — Chiquimula
363,2024,INE - Policía Nacional Civil,Detenidos por otras causas,85.0,Detenidos (Mujeres) — Chiquimula
364,2024,INE - Policía Nacional Civil,Detenidos por otras causas,584.0,Detenidos (Ambos sexos) — Jalapa
365,2024,INE - Policía Nacional Civil,Detenidos por otras causas,544.0,Detenidos (Hombres) — Jalapa
366,2024,INE - Policía Nacional Civil,Detenidos por otras causas,40.0,Detenidos (Mujeres) — Jalapa
367,2024,INE - Policía Nacional Civil,Detenidos por otras causas,1121.0,Detenidos (Ambos sexos) — Jutiapa
368,2024,INE - Policía Nacional Civil,Detenidos por otras causas,1040.0,Detenidos (Hombres) — Jutiapa
369,2024,INE - Policía Nacional Civil,Detenidos por otras causas,81.0,Detenidos (Mujeres) — Jutiapa
370,2020,INE — Tasa incidencia delictiva,Tasa de incidencia delictiva,557.0776,"Por 100,000 hab. (Ambos sexos)"
371,2020,INE — Tasa incidencia delictiva,Tasa de incidencia delictiva,1048.5115,"Por 100,000 hab. (Hombres)"
372,2020,INE — Tasa incidencia delictiva,Tasa de incidencia delictiva,80.7306,"Por 100,000 hab. (Mujeres)"
373,2021,INE — Tasa incidencia delictiva,Tasa de incidencia delictiva,363.553,"Por 100,000 hab. (Ambos sexos)"
374,2021,INE — Tasa incidencia delictiva,Tasa de incidencia delictiva,674.9273,"Por 100,000 hab. (Hombres)"
375,2021,INE — Tasa incidencia delictiva,Tasa de incidencia delictiva,61.864,"Por 100,000 hab. (Mujeres)"
376,2022,INE — Tasa incidencia delictiva,Tasa de incidencia delictiva,296.7873,"Por 100,000 hab. (Ambos sexos)"
377,2022,INE — Tasa incidencia delictiva,Tasa de incidencia delictiva,549.9934,"Por 100,000 hab. (Hombres)"
378,2022,INE — Tasa incidencia delictiva,Tasa de incidencia delictiva,51.5343,"Por 100,000 hab. (Mujeres)"
379,2023,INE — Tasa incidencia delictiva,Tasa de incidencia delictiva,257.2258,"Por 100,000 hab. (Ambos sexos)"
380,2023,INE — Tasa incidencia delictiva,Tasa de incidencia delictiva,474.518,"Por 100,000 hab. (Hombres)"
381,2023,INE — Tasa incidencia delictiva,Tasa de incidencia delictiva,46.8091,"Por 100,000 hab. (Mujeres)"
382,2024,INE — Tasa incidencia delictiva,Tasa de incidencia delictiva,242.4911,"Por 100,000 hab. (Ambos sexos)"
383,2024,INE — Tasa incidencia delictiva,Tasa de incidencia delictiva,447.2861,"Por 100,000 hab. (Hombres)"
384,2024,INE — Tasa incidencia delictiva,Tasa de incidencia delictiva,44.2103,"Por 100,000 hab. (Mujeres)"
